{
  "project_info": {
    "project_number": "685598117435",
    "firebase_url": "https://myapp-a4b4d.firebaseio.com",
    "project_id": "myapp-a4b4d",
    "storage_bucket": "myapp-a4b4d.appspot.com"
  },
  "client": [
    {
      "client_info": {
        "mobilesdk_app_id": "1:685598117435:android:a0ca8f9b5b46fbf318561e",
        "android_client_info": {
          "package_name": "it.peronmarchiori.myapp"
        }
      },
      "oauth_client": [
        {
          "client_id": "685598117435-4kpgs97b1dfq7kun7u62584cjla9ucim.apps.googleusercontent.com",
          "client_type": 3
        }
      ],
      "api_key": [
        {
          "current_key": "AIzaSyAa2fgCx8KH33PnnVIpc3GDkinZlb32Lgs"
        }
      ],
      "services": {
        "appinvite_service": {
          "other_platform_oauth_client": [
            {
              "client_id": "685598117435-4kpgs97b1dfq7kun7u62584cjla9ucim.apps.googleusercontent.com",
              "client_type": 3
            }
          ]
        }
      }
    }
  ],
  "configuration_version": "1"
}